<?xml version="1.0" encoding="UTF-8"?>
<definitions xmlns="http://www.omg.org/spec/BPMN/20100524/MODEL" xmlns:xsi="http://www.w3.org/2001/XMLSchema-instance" xmlns:activiti="http://activiti.org/bpmn" xmlns:bpmndi="http://www.omg.org/spec/BPMN/20100524/DI" xmlns:omgdc="http://www.omg.org/spec/DD/20100524/DC" xmlns:omgdi="http://www.omg.org/spec/DD/20100524/DI" typeLanguage="http://www.w3.org/2001/XMLSchema" expressionLanguage="http://www.w3.org/1999/XPath" targetNamespace="http://www.activiti.org/test">
  <process id="firstWorkflow" name="FirstWorkFlow" isExecutable="true">
    <documentation>This is my first custom workflow</documentation>
    <endEvent id="endevent1" name="End"></endEvent>
    <startEvent id="alfrescoStartevent1" name="Alfresco start" activiti:formKey="bpm:startTask"></startEvent>
    <userTask id="alfrescoUsertask1" name="Setup Copyright" activiti:assignee="${initiator.properties.userName}" activiti:formKey="fscwf:setupCopyrightTask"></userTask>
    <sequenceFlow id="flow1" sourceRef="alfrescoStartevent1" targetRef="alfrescoUsertask1"></sequenceFlow>
    <userTask id="alfrescoUsertask2" name="Review Task" activiti:formKey="fscwf:reviewTask">
      <extensionElements>
        <activiti:taskListener event="complete" class="org.alfresco.repo.workflow.activiti.tasklistener.ScriptTaskListener">
          <activiti:field name="script">
            <activiti:string><![CDATA[execution.setVariable('fscwf_reviewOutcome', task.getVariable('fscwf_reviewOutcome'));]]></activiti:string>
          </activiti:field>
        </activiti:taskListener>
      </extensionElements>
    </userTask>
    <sequenceFlow id="flow2" sourceRef="alfrescoUsertask1" targetRef="alfrescoUsertask2"></sequenceFlow>
    <exclusiveGateway id="exclusivegateway1" name="Exclusive Gateway"></exclusiveGateway>
    <sequenceFlow id="flow3" sourceRef="alfrescoUsertask2" targetRef="exclusivegateway1"></sequenceFlow>
    <sequenceFlow id="flow4" sourceRef="exclusivegateway1" targetRef="endevent1">
      <conditionExpression xsi:type="tFormalExpression"><![CDATA[${fscwf_reviewOutcome == 'Approve'}]]></conditionExpression>
    </sequenceFlow>
    <sequenceFlow id="flow5" sourceRef="exclusivegateway1" targetRef="alfrescoUsertask1"></sequenceFlow>
  </process>
  <bpmndi:BPMNDiagram id="BPMNDiagram_firstWorkflow">
    <bpmndi:BPMNPlane bpmnElement="firstWorkflow" id="BPMNPlane_firstWorkflow">
      <bpmndi:BPMNShape bpmnElement="endevent1" id="BPMNShape_endevent1">
        <omgdc:Bounds height="35.0" width="35.0" x="630.0" y="170.0"></omgdc:Bounds>
      </bpmndi:BPMNShape>
      <bpmndi:BPMNShape bpmnElement="alfrescoStartevent1" id="BPMNShape_alfrescoStartevent1">
        <omgdc:Bounds height="35.0" width="35.0" x="40.0" y="170.0"></omgdc:Bounds>
      </bpmndi:BPMNShape>
      <bpmndi:BPMNShape bpmnElement="alfrescoUsertask1" id="BPMNShape_alfrescoUsertask1">
        <omgdc:Bounds height="55.0" width="105.0" x="180.0" y="160.0"></omgdc:Bounds>
      </bpmndi:BPMNShape>
      <bpmndi:BPMNShape bpmnElement="alfrescoUsertask2" id="BPMNShape_alfrescoUsertask2">
        <omgdc:Bounds height="55.0" width="105.0" x="350.0" y="160.0"></omgdc:Bounds>
      </bpmndi:BPMNShape>
      <bpmndi:BPMNShape bpmnElement="exclusivegateway1" id="BPMNShape_exclusivegateway1">
        <omgdc:Bounds height="40.0" width="40.0" x="520.0" y="167.0"></omgdc:Bounds>
      </bpmndi:BPMNShape>
      <bpmndi:BPMNEdge bpmnElement="flow1" id="BPMNEdge_flow1">
        <omgdi:waypoint x="75.0" y="187.0"></omgdi:waypoint>
        <omgdi:waypoint x="180.0" y="187.0"></omgdi:waypoint>
      </bpmndi:BPMNEdge>
      <bpmndi:BPMNEdge bpmnElement="flow2" id="BPMNEdge_flow2">
        <omgdi:waypoint x="285.0" y="187.0"></omgdi:waypoint>
        <omgdi:waypoint x="350.0" y="187.0"></omgdi:waypoint>
      </bpmndi:BPMNEdge>
      <bpmndi:BPMNEdge bpmnElement="flow3" id="BPMNEdge_flow3">
        <omgdi:waypoint x="455.0" y="187.0"></omgdi:waypoint>
        <omgdi:waypoint x="520.0" y="187.0"></omgdi:waypoint>
      </bpmndi:BPMNEdge>
      <bpmndi:BPMNEdge bpmnElement="flow4" id="BPMNEdge_flow4">
        <omgdi:waypoint x="560.0" y="187.0"></omgdi:waypoint>
        <omgdi:waypoint x="630.0" y="187.0"></omgdi:waypoint>
      </bpmndi:BPMNEdge>
      <bpmndi:BPMNEdge bpmnElement="flow5" id="BPMNEdge_flow5">
        <omgdi:waypoint x="540.0" y="167.0"></omgdi:waypoint>
        <omgdi:waypoint x="400.0" y="61.0"></omgdi:waypoint>
        <omgdi:waypoint x="232.0" y="160.0"></omgdi:waypoint>
      </bpmndi:BPMNEdge>
    </bpmndi:BPMNPlane>
  </bpmndi:BPMNDiagram>
</definitions>