<?xml version="1.0" encoding="UTF-8"?>
<model name="fscwf:contentmodel" xmlns="http://www.alfresco.org/model/dictionary/1.0">
    <description>Alfresco Training Workflow Lab Content Model
    </description>
    <author>your name</author>
    <version>1.0</version>
    <imports>
        <import uri="http://www.alfresco.org/model/dictionary/1.0" prefix="d" />
        <import uri="http://www.alfresco.org/model/bpm/1.0" prefix="bpm" />
    </imports>
    <namespaces>
        <namespace uri="http://www.flatironssolutions.com/model/fscworkflow/1.0" prefix="fscwf" />
    </namespaces>
    <type name="fscwf:reviewTask">
        <parent>bpm:activitiOutcomeTask</parent>
        <properties>
            <property name="fscwf:reviewOutcome">
                <type>d:text</type>
                <default>Reject</default>
                <constraints>
                    <constraint name="fscwf:reviewOutcomeOptions" type="LIST">
                        <parameter name="allowedValues">
                            <list>
                                <value>Approve</value>
                                <value>Reject</value>
                            </list>
                        </parameter>
                    </constraint>
                </constraints>
            </property>
        </properties>
        <overrides>
            <property name="bpm:packageItemActionGroup">
                <default></default>
            </property>
            <property name="bpm:outcomePropertyName">
                <default>{http://www.flatironssolutions.com/model/fscworkflow/1.0}reviewOutcome</default>
            </property>
        </overrides>
    </type>



    <type name="setupCopyrightTask">
        <parent>bpm:workflowTask</parent>
        <properties>
            <property name="fscwf:imageSource">
                <type>d:text</type>
                <mandatory>true</mandatory>
            </property>
            <property name="fscwf:copyright">
                <type>d:text</type>
                <mandatory>true</mandatory>
            </property>
        </properties>
        <overrides>
            <property name="bpm:packageActionGroup">
                <default>add_package_item_actions</default>
            </property>
            <property name="bpm:packageItemActionGroup">
                <default></default>
            </property>
        </overrides>
    </type>
</model>
