<?xml version='1.0' encoding='UTF-8'?>
<!DOCTYPE beans PUBLIC '-//SPRING//DTD BEAN//EN' 'http://www.springframework.org/dtd/spring-beans.dtd'>
<!-- Licensed to the Apache Software Foundation (ASF) under one or more contributor license agreements. See the NOTICE file distributed
    with this work for additional information regarding copyright ownership. The ASF licenses this file to You under the Apache License,
    Version 2.0 (the "License"); you may not use this file except in compliance with the License. You may obtain a copy of the License at
    http://www.apache.org/licenses/LICENSE-2.0 Unless required by applicable law or agreed to in writing, software distributed under the
    License is distributed on an "AS IS" BASIS, WITHOUT WARRANTIES OR CONDITIONS OF ANY KIND, either express or implied. See the License
    for the specific language governing permissions and limitations under the License. -->
<beans>

    <bean id="extension.dictionaryBootstrap" parent="dictionaryModelBootstrap" depends-on="dictionaryBootstrap">
        <property name="models">
            <list>
                <value>alfresco/module/${project.artifactId}/model/labContentModel.xml</value>
            </list>
        </property>
    </bean>

    <bean id="webscript.com.pernixsolutions.javacopyrightedimages.get" class="com.pernixsolutions.webscripts.CopyrightedImages"
        parent="webscript">
        <property name="repository" ref="repositoryHelper" />
        <property name="registry" ref="ServiceRegistry" />
    </bean>

    <bean id="webscript.com.pernixsolutions.helloworld.get" class="com.pernixsolutions.webscripts.HelloWorld"
        parent="webscript">
<!--         <property name="repository" ref="repositoryHelper" /> -->
        <property name="registry" ref="ServiceRegistry" />
    </bean>

    <bean id="webscript.com.pernixsolutions.setproperty.get" class="com.pernixsolutions.webscripts.SetTitleProperty"
        parent="webscript">
<!--         <property name="repository" ref="repositoryHelper" /> -->
        <property name="registry" ref="ServiceRegistry" />
    </bean>

    <bean id="webscript.com.pernixsolutions.setauthority.get" class="com.pernixsolutions.webscripts.SetAuthority"
        parent="webscript">
<!--         <property name="repository" ref="repositoryHelper" /> -->
        <property name="registry" ref="ServiceRegistry" />
    </bean>

    <bean id="webscript.com.pernixsolutions.usersfromgroup.get" class="com.pernixsolutions.webscripts.UsersFromGroup"
        parent="webscript">
<!--         <property name="repository" ref="repositoryHelper" /> -->
        <property name="registry" ref="ServiceRegistry" />
    </bean>

    <bean id="webscript.com.pernixsolutions.createfolder.get" class="com.pernixsolutions.webscripts.CreateFolder"
        parent="webscript">
<!--         <property name="repository" ref="repositoryHelper" /> -->
        <property name="registry" ref="ServiceRegistry" />
    </bean>

    <bean id="webscript.com.pernixsolutions.createfile.get" class="com.pernixsolutions.webscripts.CreateFile"
        parent="webscript">
<!--         <property name="repository" ref="repositoryHelper" /> -->
        <property name="registry" ref="ServiceRegistry" />
    </bean>

    <bean id="webscript.com.pernixsolutions.createfileandmetadata.post" class="com.pernixsolutions.webscripts.CreateFileAndMetadata"
        parent="webscript">
<!--         <property name="repository" ref="repositoryHelper" /> -->
        <property name="registry" ref="ServiceRegistry" />
    </bean>

    <bean id="webscript.com.pernixsolutions.uploadcontent.post" class="com.pernixsolutions.webscripts.UploadContent"
        parent="webscript">
<!--         <property name="repository" ref="repositoryHelper" /> -->
        <property name="registry" ref="ServiceRegistry" />
    </bean>

    <bean id="webscript.com.pernixsolutions.downloadcontent.get" class="com.pernixsolutions.webscripts.DownloadContent"
        parent="webscript">
<!--         <property name="repository" ref="repositoryHelper" /> -->
        <property name="registry" ref="ServiceRegistry" />
    </bean>

    <bean id="webscript.com.pernixsolutions.checkout.get" class="com.pernixsolutions.webscripts.CheckOut"
        parent="webscript">
<!--         <property name="repository" ref="repositoryHelper" /> -->
        <property name="registry" ref="ServiceRegistry" />
    </bean>

    <bean id="webscript.com.pernixsolutions.checkin.get" class="com.pernixsolutions.webscripts.CheckIn"
        parent="webscript">
<!--         <property name="repository" ref="repositoryHelper" /> -->
        <property name="registry" ref="ServiceRegistry" />
    </bean>

    <bean id="webscript.com.pernixsolutions.checkin.post" class="com.pernixsolutions.webscripts.CheckInPost"
        parent="webscript">
<!--         <property name="repository" ref="repositoryHelper" /> -->
        <property name="registry" ref="ServiceRegistry" />
    </bean>

    <bean id="webscript.com.pernixsolutions.checkversion.get" class="com.pernixsolutions.webscripts.CheckVersion"
        parent="webscript">
<!--         <property name="repository" ref="repositoryHelper" /> -->
        <property name="registry" ref="ServiceRegistry" />
    </bean>

    <bean id="webscript.com.pernixsolutions.checkproperties.get" class="com.pernixsolutions.webscripts.CheckProperties"
        parent="webscript">
<!--         <property name="repository" ref="repositoryHelper" /> -->
        <property name="registry" ref="ServiceRegistry" />
    </bean>

    <bean id="com.pernixsolutions.workflowBootstrap"
              parent="workflowDeployer">
         <property name="workflowDefinitions">
             <list>
                 <props>
                     <prop key="engineId">activiti</prop>
                     <prop key="location">
                     alfresco/module/${project.artifactId}/workflows/copyright-images.bpmn20.xml
                     </prop>
                     <prop key="mimetype">text/xml</prop>
                     <prop key="redeploy">true</prop>
                 </props>
             </list>
         </property>
     </bean>
</beans>
